Index,Image,quality,alignment
0,"dreamfusion-sd\a_wizard_casting_a_spell,_fantasy_art_style,_highest_quality@20240304-161101",3.3,3.5
2,"hifa\a_lush_rainforest_with_a_waterfall,_vibrant_style,_highest_quality@20240312-183320",2.3,3.2
3,"magic3d-refine-if\a_traditional_kimono_with_intricate_patterns,_watercolor_style,_highest_quality@20240306-110331",4,4.2
5,"dreamfusion-sd\an_ice_sculpture_at_a_winter_festival,_photorealistic_style,_highest_quality@20240305-205315",3.3,3.4
6,"magic3d-refine-sd\a_motorcycle_speeding_on_a_desert_highway,_dynamic_style,_highest_quality@20240311-092503",2.5,3.5
7,"magic3d-refine-if\a_medieval_castle_under_moonlight,_gothic_style,_highest_quality@20240303-235830",2.2,2.5
8,"dreamfusion-if\a_detective_solving_a_mystery,_noir_style,_highest_quality@20240304-142819",2,1.8
9,"dreamfusion-if\a_traditional_kimono_with_intricate_patterns,_watercolor_style,_highest_quality@20240305-114158",3.3,3.6
10,"dreamfusion-sd\a_medieval_castle_under_moonlight,_gothic_style,_highest_quality@20240303-171927",3.7,4
12,"dreamfusion-if\a_minimalist_modern_sofa_in_a_bright_room,_contemporary_style,_highest_quality@20240305-201632",2.2,2.5
13,"textmesh-if\a_gleaming_samurai_sword,_traditional_Japanese_style,_highest_quality@20240308-074002",0.5,0.6
14,"magic3d-refine-if\a_lush_rainforest_with_a_waterfall,_vibrant_style,_highest_quality@20240307-180044",4.2,3.5
15,"textmesh-if\a_playful_puppy_chasing_its_tail,_cartoon_style,_highest_quality@20240303-003526",4,3.7
16,"dreamfusion-sd\a_flowing_evening_gown_on_a_mannequin,_sketch_style,_highest_quality@20240305-083610",4.5,4.2
17,"hifa\a_lone_cactus_in_the_desert_at_midday,_watercolor_style,_highest_quality@20240312-132514",3.5,3.8
18,"hifa\a_medieval_longbow_with_arrows,_historic_style@20240313-072444",4,3.8
20,"hifa\a_slice_of_cheesecake_with_strawberries,_digital_art_style,_highest_quality@20240307-052212",4.6,4.5
21,"magic3d-refine-if\a_gleaming_samurai_sword,_traditional_Japanese_style,_highest_quality@20240308-002824",3.9,4.1
22,"dreamfusion-if\a_steaming_cup_of_coffee_on_a_rainy_day,_cozy_style,_highest_quality@20240304-222316",3.2,3
23,"hifa\a_knight_wielding_a_sword,_comic_book_style,_highest_quality@20240306-020049",3.7,3.5
24,"textmesh-if\a_lone_cactus_in_the_desert_at_midday,_watercolor_style,_highest_quality@20240308-032239",3.7,3.1
25,"textmesh-if\a_lush_rainforest_with_a_waterfall,_vibrant_style,_highest_quality@20240308-042622",3.3,2.8
27,"dreamfusion-if\a_lush_rainforest_with_a_waterfall,_vibrant_style,_highest_quality@20240306-030615",3,3
28,"magic3d-refine-sd\a_spaceship_launching_into_orbit,_retro-futurism_style,_highest_quality@20240311-051013",3.6,3.7
29,"dreamfusion-sd\a_playful_puppy_chasing_its_tail,_cartoon_style,_highest_quality@20240302-183438",2.7,3.3
30,"dreamfusion-sd\a_pair_of_dueling_pistols_from_the_18th_century,_detailed_style,_highest_quality@20240306-183315",2.7,2.8
31,"dreamfusion-if\a_dolphin_leaping_out_of_the_water,_watercolor_style,_highest_quality@20240301-231658",3.9,3.7
32,"textmesh-if\an_ancient_Egyptian_pyramid_at_sunrise,_photorealistic_style,_highest_quality@20240305-015832",4.2,4
33,"magic3d-refine-if\a_sunflower_field_at_sunset,_oil_painting_style,_highest_quality@20240307-124533",2,1.5
34,"fantasia3d-texture\a_bonsai_tree_in_a_serene_garden,_Japanese_ink_style,_highest_quality@20240311-210054",3.4,3.6
39,"fantasia3d-texture\a_traditional_kimono_with_intricate_patterns,_watercolor_style,_highest_quality@20240308-170622",2.3,2.5
41,"magic3d-refine-sd\a_flowing_evening_gown_on_a_mannequin,_sketch_style,_highest_quality@20240311-111750",3.8,4
42,"magic3d-refine-sd\a_playful_puppy_chasing_its_tail,_cartoon_style,_highest_quality@20240303-170718",3,3.2
43,"magic3d-refine-sd\a_tiger_stalking_through_the_jungle,_ink_wash_painting_style,_highest_quality@20240303-200606",1.5,1
45,"textmesh-if\a_detective_solving_a_mystery,_noir_style,_highest_quality@20240305-102808",1.7,1.5
46,"magic3d-refine-if\a_vintage_car_racing_on_a_country_road,_impressionist_style,_highest_quality@20240305-122522",3.8,4.1
47,"dreamfusion-sd\a_motorcycle_speeding_on_a_desert_highway,_dynamic_style,_highest_quality@20240305-072522",2.7,2.2
48,"hifa\a_medieval_gargoyle_on_a_cathedral,_gothic_style,_highest_quality@20240310-221801",3.7,4
50,"fantasia3d-texture\an_ornate_throne_in_a_royal_palace,_baroque_style,_highest_quality@20240310-110604",3.6,3.7
51,"magic3d-refine-sd\a_traditional_kimono_with_intricate_patterns,_watercolor_style,_highest_quality@20240311-170117",2.7,3.4
53,"fantasia3d-texture\a_pirate_sailing_the_high_seas,_adventure_style,_highest_quality@20240306-013227",2.2,2.4
54,"dreamfusion-sd\a_sailboat_on_the_high_seas_at_dawn,_watercolor_style,_highest_quality@20240305-061526",3.5,3.8
56,"textmesh-if\a_vintage_car_racing_on_a_country_road,_impressionist_style,_highest_quality@20240306-100336",3.2,3.5
59,"textmesh-if\a_flock_of_birds_flying_at_sunset,_silhouette_style,_highest_quality@20240302-223547",2.5,2.5
60,"magic3d-refine-if\an_ice_sculpture_at_a_winter_festival,_photorealistic_style,_highest_quality@20240307-021135",3.1,3
62,"textmesh-if\a_motorcycle_speeding_on_a_desert_highway,_dynamic_style,_highest_quality@20240306-193451",3,3.5
63,"fantasia3d-texture\a_flowing_evening_gown_on_a_mannequin,_sketch_style,_highest_quality@20240308-073440",2.5,2.7
64,"dreamfusion-sd\a_bonsai_tree_in_a_serene_garden,_Japanese_ink_style,_highest_quality@20240306-081232",3.6,3.4
65,"dreamfusion-if\a_pirate_sailing_the_high_seas,_adventure_style,_highest_quality@20240304-153655",3.3,3.6
66,"textmesh-if\a_sailboat_on_the_high_seas_at_dawn,_watercolor_style,_highest_quality@20240306-170626",2.5,2.8
67,"magic3d-refine-sd\a_modern_skyscraper_in_a_bustling_city,_futurist_style,_highest_quality@20240308-233643",2.2,1.9
68,"magic3d-refine-if\a_dolphin_leaping_out_of_the_water,_watercolor_style,_highest_quality@20240303-213408",3.4,3.3
69,"dreamfusion-sd\a_dolphin_leaping_out_of_the_water,_watercolor_style,_highest_quality@20240301-231725",3.1,3.3
72,"hifa\a_spaceship_launching_into_orbit,_retro-futurism_style,_highest_quality@20240308-190928",1.8,2.8
73,"magic3d-refine-if\an_ancient_Greek_statue_in_a_museum,_realistic_style,_highest_quality@20240306-163008",4.6,4.2
74,"hifa\a_traditional_Japanese_temple_in_autumn,_ukiyo-e_style,_highest_quality@20240305-054340",3.2,3.7
75,"fantasia3d-texture\a_futuristic_laser_gun,_sci-fi_style,_highest_quality@20240312-025910",2.3,2
76,"textmesh-if\a_pirate_sailing_the_high_seas,_adventure_style,_highest_quality@20240305-130007",0.9,0.8
77,"fantasia3d-texture\a_modern_skyscraper_in_a_bustling_city,_futurist_style,_highest_quality@20240305-020215",2.3,2.7
78,"dreamfusion-if\a_sailboat_on_the_high_seas_at_dawn,_watercolor_style,_highest_quality@20240306-200819",2.7,3.2
79,"fantasia3d-texture\a_pair_of_dueling_pistols_from_the_18th_century,_detailed_style,_highest_quality@20240312-104451",1.4,1.7
81,"dreamfusion-if\a_bowl_of_ramen_with_steam_rising,_anime_style,_highest_quality@20240304-183840",4,3.8
82,"textmesh-if\a_bowl_of_ramen_with_steam_rising,_anime_style,_highest_quality@20240306-003211",3.7,3.9
83,"dreamfusion-if\a_modern_skyscraper_in_a_bustling_city,_futurist_style,_highest_quality@20240303-010927",2.5,2.2
84,"magic3d-refine-sd\an_ancient_Greek_statue_in_a_museum,_realistic_style,_highest_quality@20240311-194936",1.5,0.7
85,"dreamfusion-sd\an_ancient_Greek_statue_in_a_museum,_realistic_style,_highest_quality@20240305-151032",3.3,3.6
86,"magic3d-refine-sd\a_knight_wielding_a_sword,_comic_book_style,_highest_quality@20240309-182620",1.3,0.8
87,"fantasia3d-texture\a_steaming_cup_of_coffee_on_a_rainy_day,_cozy_style,_highest_quality@20240307-141000",2.6,3
88,"fantasia3d-texture\a_dolphin_leaping_out_of_the_water,_watercolor_style,_highest_quality@20240303-201321",2.2,2.5
89,"dreamfusion-if\a_spaceship_launching_into_orbit,_retro-futurism_style,_highest_quality@20240306-173745",4,4.1
90,"fantasia3d-texture\a_robot_exploring_space,_sci-fi_style,_highest_quality@20240306-034817",2,2.2
91,"dreamfusion-sd\a_futuristic_laser_gun,_sci-fi_style,_highest_quality@20240306-162215",2.4,2.7
92,"magic3d-refine-if\a_minimalist_modern_sofa_in_a_bright_room,_contemporary_style,_highest_quality@20240307-074155",4,4.2
93,"magic3d-refine-sd\an_ice_sculpture_at_a_winter_festival,_photorealistic_style,_highest_quality@20240312-065353",2.5,3
94,"fantasia3d-texture\a_medieval_gargoyle_on_a_cathedral,_gothic_style,_highest_quality@20240309-034507",1.5,1.2
95,"dreamfusion-if\a_pair_of_dueling_pistols_from_the_18th_century,_detailed_style,_highest_quality@20240306-142203",1.4,1.3
96,"textmesh-if\a_flowing_evening_gown_on_a_mannequin,_sketch_style,_highest_quality@20240306-220639",3.6,3.7
97,"fantasia3d-texture\a_detective_solving_a_mystery,_noir_style,_highest_quality@20240305-222400",2.2,2.4
100,"magic3d-refine-sd\a_robot_exploring_space,_sci-fi_style,_highest_quality@20240310-182254",3.1,3.2
101,"textmesh-if\a_pair_of_dueling_pistols_from_the_18th_century,_detailed_style,_highest_quality@20240308-123335",0.4,0.6
102,"hifa\a_playful_puppy_chasing_its_tail,_cartoon_style,_highest_quality@20240303-161700",2.6,3.7
103,"magic3d-refine-if\a_modern_skyscraper_in_a_bustling_city,_futurist_style,_highest_quality@20240304-170136",2.2,1.9
104,"dreamfusion-sd\a_slice_of_cheesecake_with_strawberries,_digital_art_style,_highest_quality@20240304-201640",3.8,3.9
105,"dreamfusion-if\a_playful_puppy_chasing_its_tail,_cartoon_style,_highest_quality@20240302-160341",3,3.4
107,"magic3d-refine-if\a_futuristic_laser_gun,_sci-fi_style,_highest_quality@20240308-050341",3.5,3.3
110,"fantasia3d-texture\a_tiger_stalking_through_the_jungle,_ink_wash_painting_style,_highest_quality@20240304-232421",1.4,1
111,"magic3d-refine-if\a_sailboat_on_the_high_seas_at_dawn,_watercolor_style,_highest_quality@20240305-210715",3.5,3.8
112,"magic3d-refine-if\a_bowl_of_ramen_with_steam_rising,_anime_style,_highest_quality@20240305-032749",3.9,3.6
114,"magic3d-refine-if\a_picnic_basket_on_a_sunny_day,_impressionist_style,_highest_quality@20240305-052702",4,3.8
115,"hifa\a_sailboat_on_the_high_seas_at_dawn,_watercolor_style,_highest_quality@20240309-111149",2.2,3.4
116,"magic3d-refine-sd\a_lone_cactus_in_the_desert_at_midday,_watercolor_style,_highest_quality@20240312-163442",3.7,3.5
117,"magic3d-refine-sd\a_futuristic_laser_gun,_sci-fi_style,_highest_quality@20240313-114500",2.4,2.7
121,"magic3d-refine-sd\a_futuristic_suit_of_armor,_sci-fi_style,_highest_quality@20240311-182819",2.6,3
122,"magic3d-refine-sd\a_medieval_gargoyle_on_a_cathedral,_gothic_style,_highest_quality@20240312-002635",1.3,0.8
123,"magic3d-refine-if\a_bonsai_tree_in_a_serene_garden,_Japanese_ink_style,_highest_quality@20240307-200219",2.7,2.5
124,"magic3d-refine-sd\an_assortment_of_sushi_on_a_bamboo_mat,_minimalist_style,_highest_quality@20240311-010002",2.7,3.2
125,"fantasia3d-texture\a_lone_cactus_in_the_desert_at_midday,_watercolor_style,_highest_quality@20240311-150048",3.5,3.8
126,"dreamfusion-if\a_picnic_basket_on_a_sunny_day,_impressionist_style,_highest_quality@20240304-195126",3.5,3.7
127,"fantasia3d-texture\a_spaceship_launching_into_orbit,_retro-futurism_style,_highest_quality@20240307-195520",2.1,1.9
128,"magic3d-refine-if\a_futuristic_suit_of_armor,_sci-fi_style,_highest_quality@20240306-140700",2.6,3.2
129,"textmesh-if\a_sunflower_field_at_sunset,_oil_painting_style,_highest_quality@20240308-012408",0.6,0.7
133,"magic3d-refine-if\a_medieval_gargoyle_on_a_cathedral,_gothic_style,_highest_quality@20240306-212300",3.8,3.7
136,"fantasia3d-texture\a_wizard_casting_a_spell,_fantasy_art_style,_highest_quality@20240305-191750",2.6,3
137,"magic3d-refine-sd\a_flock_of_birds_flying_at_sunset,_silhouette_style,_highest_quality@20240303-181956",1.4,1.6
138,"dreamfusion-if\a_vintage_car_racing_on_a_country_road,_impressionist_style,_highest_quality@20240306-162627",2,2.7
139,"fantasia3d-texture\a_medieval_castle_under_moonlight,_gothic_style,_highest_quality@20240303-171536",3.2,3.7
140,"fantasia3d-texture\an_assortment_of_sushi_on_a_bamboo_mat,_minimalist_style,_highest_quality@20240306-184616",1.3,1.7
141,"fantasia3d-texture\a_picnic_basket_on_a_sunny_day,_impressionist_style,_highest_quality@20240306-150919",3,3.3
143,"magic3d-refine-sd\a_picnic_basket_on_a_sunny_day,_impressionist_style,_highest_quality@20240310-225707",3,3
144,"magic3d-refine-sd\a_gleaming_samurai_sword,_traditional_Japanese_style,_highest_quality@20240312-214610",1.4,1.5
145,"magic3d-refine-sd\a_pirate_sailing_the_high_seas,_adventure_style,_highest_quality@20240310-160923",1.5,1.1
152,"hifa\a_bowl_of_ramen_with_steam_rising,_anime_style,_highest_quality@20240307-101918",2.8,3
153,"hifa\an_assortment_of_sushi_on_a_bamboo_mat,_minimalist_style,_highest_quality@20240307-232446",3.2,3.5
154,"hifa\an_ancient_Egyptian_pyramid_at_sunrise,_photorealistic_style,_highest_quality@20240305-121519",3,3.1
155,"fantasia3d-texture\a_bowl_of_ramen_with_steam_rising,_anime_style,_highest_quality@20240306-113504",2.2,2.4
156,"fantasia3d-texture\a_cozy_reading_nook_with_a_bookshelf,_pastel_style,_highest_quality@20240309-141715",2.7,3.1
157,"fantasia3d-texture\an_ice_sculpture_at_a_winter_festival,_photorealistic_style,_highest_quality@20240309-122421",1.6,1.3
158,"hifa\a_picnic_basket_on_a_sunny_day,_impressionist_style,_highest_quality@20240307-162308",1.8,3.2
159,"dreamfusion-if\a_medieval_gargoyle_on_a_cathedral,_gothic_style,_highest_quality@20240306-234653",2.9,3.2
160,"magic3d-refine-if\an_ornate_throne_in_a_royal_palace,_baroque_style,_highest_quality@20240307-110010",2.2,2.3
161,"magic3d-refine-if\a_pair_of_dueling_pistols_from_the_18th_century,_detailed_style,_highest_quality@20240308-090837",3,3.3
162,"magic3d-refine-sd\an_ancient_Egyptian_pyramid_at_sunrise,_photorealistic_style,_highest_quality@20240309-143554",2.8,2.3
164,"magic3d-refine-if\a_spaceship_launching_into_orbit,_retro-futurism_style,_highest_quality@20240305-150801",1.9,2.4
166,"magic3d-refine-if\a_traditional_Japanese_temple_in_autumn,_ukiyo-e_style,_highest_quality@20240304-124516",3.3,3.3
167,"magic3d-refine-if\a_medieval_longbow_with_arrows,_historic_style@20240308-023958",1.1,1.4
168,"magic3d-refine-if\a_lone_cactus_in_the_desert_at_midday,_watercolor_style,_highest_quality@20240307-153827",4.1,3.9
169,"fantasia3d-texture\a_futuristic_suit_of_armor,_sci-fi_style,_highest_quality@20240308-192627",1.6,2.3
170,"textmesh-if\an_ancient_Greek_statue_in_a_museum,_realistic_style,_highest_quality@20240307-114132",3,3.4
171,"textmesh-if\a_minimalist_modern_sofa_in_a_bright_room,_contemporary_style,_highest_quality@20240307-212951",1.3,1.9
172,"fantasia3d-texture\an_ancient_Egyptian_pyramid_at_sunrise,_photorealistic_style,_highest_quality@20240305-082616",2.5,2.4
173,"dreamfusion-if\a_tiger_stalking_through_the_jungle,_ink_wash_painting_style,_highest_quality@20240302-095248",2.8,3.2
174,"hifa\a_tiger_stalking_through_the_jungle,_ink_wash_painting_style,_highest_quality@20240302-130722",2,2.5
175,"magic3d-refine-if\a_robot_exploring_space,_sci-fi_style,_highest_quality@20240304-225813",3.1,3.4
176,"hifa\a_robot_exploring_space,_sci-fi_style,_highest_quality@20240307-003934",3.1,3.4
177,"magic3d-refine-sd\a_majestic_eagle_soaring_above_mountains,_realistic_style,_highest_quality@20240303-224309",3,3.4
178,"dreamfusion-if\a_knight_wielding_a_sword,_comic_book_style,_highest_quality@20240304-123746",2.8,3.1
179,"textmesh-if\a_steaming_cup_of_coffee_on_a_rainy_day,_cozy_style,_highest_quality@20240306-072629",3.3,3.7
180,"textmesh-if\a_medieval_castle_under_moonlight,_gothic_style,_highest_quality@20240304-185555",0.7,1
181,"hifa\a_wizard_casting_a_spell,_fantasy_art_style,_highest_quality@20240306-071901",2.9,3.5
182,"magic3d-refine-if\a_wizard_casting_a_spell,_fantasy_art_style,_highest_quality@20240304-131711",3,3.4
184,"magic3d-refine-if\an_assortment_of_sushi_on_a_bamboo_mat,_minimalist_style,_highest_quality@20240305-074525",3,3.4
185,"dreamfusion-sd\a_medieval_longbow_with_arrows,_historic_style@20240306-120720",2.8,2.8
186,"dreamfusion-if\a_wizard_casting_a_spell,_fantasy_art_style,_highest_quality@20240304-132540",2.7,3.2
187,"dreamfusion-sd\an_assortment_of_sushi_on_a_bamboo_mat,_minimalist_style,_highest_quality@20240304-234451",2.2,3.1
188,"fantasia3d-texture\a_medieval_longbow_with_arrows,_historic_style@20240312-014513",1.5,1.9
189,"magic3d-refine-sd\a_minimalist_modern_sofa_in_a_bright_room,_contemporary_style,_highest_quality@20240312-112736",2.2,2
190,"hifa\a_minimalist_modern_sofa_in_a_bright_room,_contemporary_style,_highest_quality@20240311-193646",2.7,3.2
191,"dreamfusion-if\an_ancient_Greek_statue_in_a_museum,_realistic_style,_highest_quality@20240306-212114",3,3.5
192,"textmesh-if\a_medieval_gargoyle_on_a_cathedral,_gothic_style,_highest_quality@20240307-142203",2.5,2.8
194,"fantasia3d-texture\a_majestic_eagle_soaring_above_mountains,_realistic_style,_highest_quality@20240303-182607",2.3,2.6
196,"textmesh-if\a_picnic_basket_on_a_sunny_day,_impressionist_style,_highest_quality@20240306-024821",3.5,3.7
197,"dreamfusion-if\a_lone_cactus_in_the_desert_at_midday,_watercolor_style,_highest_quality@20240306-013255",3.6,3.8
198,"magic3d-refine-if\a_steaming_cup_of_coffee_on_a_rainy_day,_cozy_style,_highest_quality@20240305-095856",3.5,3.5
199,"textmesh-if\a_futuristic_laser_gun,_sci-fi_style,_highest_quality@20240308-102336",2.2,2.3
200,"magic3d-refine-sd\a_vintage_car_racing_on_a_country_road,_impressionist_style,_highest_quality@20240311-034923",2.2,1.9
201,"hifa\a_pair_of_dueling_pistols_from_the_18th_century,_detailed_style,_highest_quality@20240313-162051",2.3,2.9
202,"dreamfusion-sd\a_spaceship_launching_into_orbit,_retro-futurism_style,_highest_quality@20240305-035351",3.4,4
203,"dreamfusion-sd\a_traditional_kimono_with_intricate_patterns,_watercolor_style,_highest_quality@20240305-122101",3,2.9
204,"dreamfusion-sd\a_bowl_of_ramen_with_steam_rising,_anime_style,_highest_quality@20240304-212731",3.5,3.5
205,"dreamfusion-sd\a_traditional_Japanese_temple_in_autumn,_ukiyo-e_style,_highest_quality@20240303-230028",2.8,3.2
206,"dreamfusion-sd\a_lush_rainforest_with_a_waterfall,_vibrant_style,_highest_quality@20240306-065950",1.8,2.5
207,"dreamfusion-if\a_slice_of_cheesecake_with_strawberries,_digital_art_style,_highest_quality@20240304-173837",3.5,3.7
209,"magic3d-refine-sd\a_bowl_of_ramen_with_steam_rising,_anime_style,_highest_quality@20240310-210638",2.3,2.7
210,"dreamfusion-sd\a_lone_cactus_in_the_desert_at_midday,_watercolor_style,_highest_quality@20240306-055027",3.2,3.3
213,"fantasia3d-texture\a_slice_of_cheesecake_with_strawberries,_digital_art_style,_highest_quality@20240306-072852",2.6,3
214,"textmesh-if\a_knight_wielding_a_sword,_comic_book_style,_highest_quality@20240305-052729",2.5,2.8
215,"magic3d-refine-if\a_motorcycle_speeding_on_a_desert_highway,_dynamic_style,_highest_quality@20240305-235116",2.8,3
216,"fantasia3d-texture\a_sailboat_on_the_high_seas_at_dawn,_watercolor_style,_highest_quality@20240308-014543",2.8,3.3
217,"dreamfusion-sd\a_majestic_eagle_soaring_above_mountains,_realistic_style,_highest_quality@20240302-224930",2.5,2.8
218,"magic3d-refine-sd\a_wizard_casting_a_spell,_fantasy_art_style,_highest_quality@20240309-202902",2.9,3.2
219,"magic3d-refine-if\an_ancient_Egyptian_pyramid_at_sunrise,_photorealistic_style,_highest_quality@20240304-153116",3.2,3.6
220,"magic3d-refine-sd\a_bonsai_tree_in_a_serene_garden,_Japanese_ink_style,_highest_quality@20240312-190724",3,3.3
221,"textmesh-if\a_robot_exploring_space,_sci-fi_style,_highest_quality@20240305-180554",0.2,0.3
222,"hifa\a_vintage_car_racing_on_a_country_road,_impressionist_style,_highest_quality@20240308-122645",1.8,2.2
223,"dreamfusion-if\an_assortment_of_sushi_on_a_bamboo_mat,_minimalist_style,_highest_quality@20240304-210350",2.8,3.2
224,"fantasia3d-texture\a_flock_of_birds_flying_at_sunset,_silhouette_style,_highest_quality@20240303-230515",1.8,1.6
225,"dreamfusion-if\a_flowing_evening_gown_on_a_mannequin,_sketch_style,_highest_quality@20240305-040041",3.6,3.8
226,"magic3d-refine-if\a_majestic_eagle_soaring_above_mountains,_realistic_style,_highest_quality@20240303-170540",2.2,2.6
227,"dreamfusion-if\an_ancient_Egyptian_pyramid_at_sunrise,_photorealistic_style,_highest_quality@20240303-183304",3.2,3.3
228,"hifa\a_traditional_kimono_with_intricate_patterns,_watercolor_style,_highest_quality@20240310-093218",2.6,3
229,"fantasia3d-texture\a_motorcycle_speeding_on_a_desert_highway,_dynamic_style,_highest_quality@20240308-043556",1.8,1.4
230,"textmesh-if\a_slice_of_cheesecake_with_strawberries,_digital_art_style,_highest_quality@20240305-221058",3.5,3.3
231,"textmesh-if\a_wizard_casting_a_spell,_fantasy_art_style,_highest_quality@20240305-080250",2.8,3
232,"dreamfusion-sd\a_sunflower_field_at_sunset,_oil_painting_style,_highest_quality@20240306-043448",2.7,3.4
233,"magic3d-refine-sd\a_dolphin_leaping_out_of_the_water,_watercolor_style,_highest_quality@20240303-212333",2.6,3.1
235,"hifa\a_cozy_reading_nook_with_a_bookshelf,_pastel_style,_highest_quality@20240311-091247",1.8,2.5
236,"dreamfusion-if\a_gleaming_samurai_sword,_traditional_Japanese_style,_highest_quality@20240306-073132",3.3,3.6
237,"textmesh-if\a_traditional_kimono_with_intricate_patterns,_watercolor_style,_highest_quality@20240307-043318",2.8,3.1
238,"hifa\a_modern_skyscraper_in_a_bustling_city,_futurist_style,_highest_quality@20240304-233002",1.8,2.2
239,"dreamfusion-if\a_futuristic_laser_gun,_sci-fi_style,_highest_quality@20240306-110321",3.1,3.6
240,"hifa\an_ornate_throne_in_a_royal_palace,_baroque_style,_highest_quality@20240312-050333",2.7,2.7
242,"hifa\a_majestic_eagle_soaring_above_mountains,_realistic_style,_highest_quality@20240304-132108",2.3,2.8
243,"dreamfusion-sd\a_vintage_car_racing_on_a_country_road,_impressionist_style,_highest_quality@20240305-024427",1.8,2.6
244,"dreamfusion-if\a_motorcycle_speeding_on_a_desert_highway,_dynamic_style,_highest_quality@20240305-014041",2.4,2.8
245,"dreamfusion-sd\a_futuristic_suit_of_armor,_sci-fi_style,_highest_quality@20240305-135156",2.6,3.2
246,"hifa\a_detective_solving_a_mystery,_noir_style,_highest_quality@20240306-123427",2.3,2.9
247,"magic3d-refine-sd\a_medieval_longbow_with_arrows,_historic_style@20240313-065830",1.8,1.5
248,"fantasia3d-texture\an_ancient_Greek_statue_in_a_museum,_realistic_style,_highest_quality@20240308-232423",1,0.6
250,"textmesh-if\a_bonsai_tree_in_a_serene_garden,_Japanese_ink_style,_highest_quality@20240308-053141",2.8,3.2
251,"hifa\an_ice_sculpture_at_a_winter_festival,_photorealistic_style,_highest_quality@20240311-051020",2.9,3.4
252,"hifa\a_sunflower_field_at_sunset,_oil_painting_style,_highest_quality@20240312-082150",2,3
253,"magic3d-refine-if\a_cozy_reading_nook_with_a_bookshelf,_pastel_style,_highest_quality@20240307-040500",1.2,1.2
254,"dreamfusion-sd\a_steaming_cup_of_coffee_on_a_rainy_day,_cozy_style,_highest_quality@20240305-011228",2.1,2.3
255,"magic3d-refine-if\a_knight_wielding_a_sword,_comic_book_style,_highest_quality@20240303-224105",2.7,3.2
256,"magic3d-refine-sd\a_sunflower_field_at_sunset,_oil_painting_style,_highest_quality@20240312-151544",2.7,3.4
257,"fantasia3d-texture\a_vintage_car_racing_on_a_country_road,_impressionist_style,_highest_quality@20240307-165607",2.7,3.3
259,"dreamfusion-if\a_futuristic_suit_of_armor,_sci-fi_style,_highest_quality@20240305-124629",3,3.6
260,"hifa\a_gleaming_samurai_sword,_traditional_Japanese_style,_highest_quality@20240313-042853",3.2,3.7
261,"magic3d-refine-if\a_playful_puppy_chasing_its_tail,_cartoon_style,_highest_quality@20240303-182020",3.2,3.9
262,"magic3d-refine-sd\a_pair_of_dueling_pistols_from_the_18th_century,_detailed_style,_highest_quality@20240313-142633",1.7,1.2
263,"fantasia3d-texture\a_traditional_Japanese_temple_in_autumn,_ukiyo-e_style,_highest_quality@20240305-045444",2.3,2.9
264,"dreamfusion-if\a_robot_exploring_space,_sci-fi_style,_highest_quality@20240304-163700",2.3,2.4
265,"textmesh-if\a_majestic_eagle_soaring_above_mountains,_realistic_style,_highest_quality@20240303-014128",2.2,2.5
266,"dreamfusion-if\a_majestic_eagle_soaring_above_mountains,_realistic_style,_highest_quality@20240302-183626",2.2,2.3
268,"hifa\a_futuristic_laser_gun,_sci-fi_style,_highest_quality@20240313-101603",2.4,2.7
270,"hifa\a_medieval_castle_under_moonlight,_gothic_style,_highest_quality@20240304-172211",2.5,3.2
271,"hifa\a_bonsai_tree_in_a_serene_garden,_Japanese_ink_style,_highest_quality@20240312-221917",2.5,2.6
272,"magic3d-refine-sd\a_slice_of_cheesecake_with_strawberries,_digital_art_style,_highest_quality@20240310-194355",4.2,4.3
273,"textmesh-if\a_modern_skyscraper_in_a_bustling_city,_futurist_style,_highest_quality@20240304-210852",2.4,2.7
276,"fantasia3d-texture\a_gleaming_samurai_sword,_traditional_Japanese_style,_highest_quality@20240312-003827",1.8,2
277,"magic3d-refine-if\a_slice_of_cheesecake_with_strawberries,_digital_art_style,_highest_quality@20240305-010239",4.1,4.1
278,"dreamfusion-if\a_sunflower_field_at_sunset,_oil_painting_style,_highest_quality@20240306-000813",1.8,2.7
279,"fantasia3d-texture\a_minimalist_modern_sofa_in_a_bright_room,_contemporary_style,_highest_quality@20240309-180527",1.3,1
280,"dreamfusion-sd\a_detective_solving_a_mystery,_noir_style,_highest_quality@20240304-165538",2,1.9
281,"magic3d-refine-sd\a_medieval_castle_under_moonlight,_gothic_style,_highest_quality@20240308-205346",2.6,3
282,"fantasia3d-texture\a_knight_wielding_a_sword,_comic_book_style,_highest_quality@20240305-150255",2.4,2.8
283,"hifa\a_dolphin_leaping_out_of_the_water,_watercolor_style,_highest_quality@20240301-233554",2.2,2.8
284,"dreamfusion-if\a_bonsai_tree_in_a_serene_garden,_Japanese_ink_style,_highest_quality@20240306-044348",2.7,2.9
287,"textmesh-if\a_tiger_stalking_through_the_jungle,_ink_wash_painting_style,_highest_quality@20240302-211842",3,3.4
288,"magic3d-refine-sd\a_steaming_cup_of_coffee_on_a_rainy_day,_cozy_style,_highest_quality@20240311-022711",2.9,3.5
289,"magic3d-refine-sd\a_traditional_Japanese_temple_in_autumn,_ukiyo-e_style,_highest_quality@20240309-124429",2.9,3.3
291,"hifa\a_motorcycle_speeding_on_a_desert_highway,_dynamic_style,_highest_quality@20240309-161050",1.8,2.1
292,"magic3d-refine-if\a_flock_of_birds_flying_at_sunset,_silhouette_style,_highest_quality@20240303-200935",1.2,1.1
293,"hifa\a_flock_of_birds_flying_at_sunset,_silhouette_style,_highest_quality@20240302-184259",2.5,3.3
294,"magic3d-refine-if\a_tiger_stalking_through_the_jungle,_ink_wash_painting_style,_highest_quality@20240304-143241",2.4,2.9
295,"magic3d-refine-sd\a_detective_solving_a_mystery,_noir_style,_highest_quality@20240310-135357",1,1.3
296,"magic3d-refine-sd\a_sailboat_on_the_high_seas_at_dawn,_watercolor_style,_highest_quality@20240311-080226",3.2,3.2
299,"magic3d-refine-if\a_flowing_evening_gown_on_a_mannequin,_sketch_style,_highest_quality@20240306-021712",2.9,3.2
300,"hifa\a_futuristic_suit_of_armor,_sci-fi_style,_highest_quality@20240310-123917",3.2,3.8
301,"hifa\an_ancient_Greek_statue_in_a_museum,_realistic_style,_highest_quality@20240310-154413",2.7,3.4
302,"dreamfusion-sd\a_modern_skyscraper_in_a_bustling_city,_futurist_style,_highest_quality@20240303-184538",2.6,3.3
303,"hifa\a_pirate_sailing_the_high_seas,_adventure_style,_highest_quality@20240306-181538",2.2,3
304,"hifa\a_steaming_cup_of_coffee_on_a_rainy_day,_cozy_style,_highest_quality@20240308-061431",4.2,4.4
305,"textmesh-if\a_dolphin_leaping_out_of_the_water,_watercolor_style,_highest_quality@20240302-201352",3.3,3.2
307,"textmesh-if\a_spaceship_launching_into_orbit,_retro-futurism_style,_highest_quality@20240306-122047",2.8,3.2
308,"dreamfusion-sd\a_robot_exploring_space,_sci-fi_style,_highest_quality@20240304-190814",2.4,2.5
309,"textmesh-if\an_ornate_throne_in_a_royal_palace,_baroque_style,_highest_quality@20240308-001803",2.6,2.4
310,"hifa\a_flowing_evening_gown_on_a_mannequin,_sketch_style,_highest_quality@20240309-210921",4.6,4.5
311,"textmesh-if\a_futuristic_suit_of_armor,_sci-fi_style,_highest_quality@20240307-064214",1.3,0.9
312,"fantasia3d-texture\a_playful_puppy_chasing_its_tail,_cartoon_style,_highest_quality@20240304-135413",2.2,2.5
